<manifest><control namespace="pcfcontrol" constructor="ReviewResults" version="0.0.1" display-name-key="ReviewResults" description-key="ReviewResults description" control-type="standard" api-version="1.3.18"><external-service-usage enabled="false" /><data-set name="evaluationResults" display-name-key="Evaluation Results Dataset"><property-set name="result" display-name-key="Result" description-key="Result status" of-type="OptionSet" usage="bound" required="true" /><property-set name="ruleName" display-name-key="Rule Name" description-key="Name of the rule" of-type="SingleLine.Text" usage="bound" required="true" /><property-set name="confidenceLevel" display-name-key="Confidence Level" description-key="Confidence level" of-type="Decimal" usage="bound" required="false" /><property-set name="category" display-name-key="Category" description-key="Rule category" of-type="Lookup.Simple" usage="bound" required="false" /></data-set><resources><code path="bundle.js" order="1" /><css path="css/ReviewResults.css" order="1" /></resources><feature-usage><uses-feature name="WebAPI" required="true" /></feature-usage><built-by name="pac" version="1.51.1" /></control></manifest>